epoch,time,train/box_loss,train/cls_loss,train/dfl_loss,metrics/precision(B),metrics/recall(B),metrics/mAP50(B),metrics/mAP50-95(B),val/box_loss,val/cls_loss,val/dfl_loss,lr/pg0,lr/pg1,lr/pg2
1,312.916,1.61847,2.48251,1.51015,0.71975,0.22362,0.32479,0.16602,1.6473,2.81766,1.47045,0.000656716,0.000656716,0.000656716
2,665.878,1.57635,1.98586,1.45767,0.41339,0.34828,0.32186,0.15562,1.81828,2.69658,1.71964,0.00129718,0.00129718,0.00129718
3,1030.33,1.65319,2.03701,1.54507,0.39076,0.36675,0.32174,0.16421,1.75375,2.60013,1.74808,0.00191124,0.00191124,0.00191124
4,1373.29,1.64966,1.93161,1.51575,0.38322,0.38259,0.34994,0.16244,1.7483,2.43652,1.72766,0.0018812,0.0018812,0.0018812
5,1746.61,1.56619,1.72391,1.46812,0.58253,0.44063,0.48891,0.24335,1.72127,1.98899,1.59214,0.0018416,0.0018416,0.0018416
